[
	{
		"org_name" : "McQuaid Jesuit High School",
		"org_email" : "ababer@mcquaid.org",
		"org_optionc_id" : 1140,
		"org_type" : 1,
		"org_lat" : 43.12391815,
		"org_lng" : -77.59304334,
		"org_state" : "New York",
		"org_cityprov" : "Rochester",
		"org_street" : "1800 Clinton Avenue South",
		"org_zipcode" : "14618-2659",
		"org_contact_land" : "(585) 473-1130",
		"org_contact_mobile" : "(585) 473-1130",
		"org_contact_title" : "",
		"org_contact_fname" : "Adam",
		"org_contact_lname" : "Baber",
		"org_contact_suffix" : "",
		"org_contact_email" : "ababer@mcquaid.org",
		"org_diocese" : "Diocese of Rochester",
		"org_website" : ""
	},
	{
		"org_name" : "St. Joseph Catholic School - Penfield",
		"org_email" : "amy.johnson@dor.org",
		"org_optionc_id" : 1164,
		"org_type" : 1,
		"org_lat" : 43.13522031,
		"org_lng" : -77.47810158,
		"org_state" : "New York",
		"org_cityprov" : "Penfield",
		"org_street" : "39 Gebhardt Road",
		"org_zipcode" : "14526-1398",
		"org_contact_land" : "(585) 586-6968",
		"org_contact_mobile" : "(585) 586-6968",
		"org_contact_title" : "",
		"org_contact_fname" : "Amy",
		"org_contact_lname" : "Johnson",
		"org_contact_suffix" : "",
		"org_contact_email" : "amy.johnson@dor.org",
		"org_diocese" : "Diocese of Rochester",
		"org_website" : ""
	},
	{
		"org_name" : "St. Agnes Catholic Church",
		"org_email" : "Ann.Brule@dor.org",
		"org_optionc_id" : 1476,
		"org_type" : 2,
		"org_lat" : 42.91351482,
		"org_lng" : -77.74575194,
		"org_state" : "New York",
		"org_cityprov" : "Avon",
		"org_street" : "96 Prospect Street",
		"org_zipcode" : "14414",
		"org_contact_land" : "(585) 226-2100",
		"org_contact_mobile" : "(585) 226-2100",
		"org_contact_title" : "Rev",
		"org_contact_fname" : "Michael",
		"org_contact_lname" : "Upson",
		"org_contact_suffix" : "",
		"org_contact_email" : "",
		"org_diocese" : "Diocese of Rochester",
		"org_website" : "https://saintagnespaulrose.org/"
	},
	{
		"org_name" : "St. Mary's Catholic Church (Auburn)",
		"org_email" : "astmarys@dor.org",
		"org_optionc_id" : 1468,
		"org_type" : 2,
		"org_lat" : 42.93172614,
		"org_lng" : -76.56968311,
		"org_state" : "New York",
		"org_cityprov" : "Auburn",
		"org_street" : "15 Clark Street",
		"org_zipcode" : "13021",
		"org_contact_land" : "(315) 252-9545",
		"org_contact_mobile" : "(315) 252-9545",
		"org_contact_title" : "Fr",
		"org_contact_fname" : "Frank",
		"org_contact_lname" : "Loi",
		"org_contact_suffix" : "",
		"org_contact_email" : "",
		"org_diocese" : "Diocese of Rochester",
		"org_website" : "http://www.stmaryauburn.org/"
	},
	{
		"org_name" : "St. John Vianney Roman Catholic Church",
		"org_email" : "Barbara.Bailey@dor.org",
		"org_optionc_id" : 1477,
		"org_type" : 2,
		"org_lat" : 42.33206218,
		"org_lng" : -77.31568201,
		"org_state" : "New York",
		"org_cityprov" : "Bath",
		"org_street" : "32 East Morris St",
		"org_zipcode" : "14810",
		"org_contact_land" : "(607) 776-3327",
		"org_contact_mobile" : "(607) 776-3327",
		"org_contact_title" : "Fr",
		"org_contact_fname" : "Jim",
		"org_contact_lname" : "Jaeger",
		"org_contact_suffix" : "",
		"org_contact_email" : "Fr.James.Jaeger@dor.org",
		"org_diocese" : "Diocese of Rochester",
		"org_website" : "https://www.sjv2012.org/_modules/form.php?id=10"
	},
	{
		"org_name" : "Blessed Trinity and St. Patricks Catholic Church",
		"org_email" : "blessedtrinity@dor.org",
		"org_optionc_id" : 1552,
		"org_type" : 2,
		"org_lat" : 42.10604125,
		"org_lng" : -76.25716854,
		"org_state" : "New York",
		"org_cityprov" : "Owego",
		"org_street" : "300 Main St",
		"org_zipcode" : "13827",
		"org_contact_land" : "(607) 687-1068",
		"org_contact_mobile" : "(607) 687-1068",
		"org_contact_title" : "Fr.",
		"org_contact_fname" : "William",
		"org_contact_lname" : "Moorby",
		"org_contact_suffix" : "",
		"org_contact_email" : "",
		"org_diocese" : "Diocese of Rochester",
		"org_website" : "http://blessed-trinity-parish.org/"
	},
	{
		"org_name" : "St. Catherine of Siena Catholic Church",
		"org_email" : "camela.fishgold@dor.org",
		"org_optionc_id" : 1541,
		"org_type" : 2,
		"org_lat" : 42.9959411,
		"org_lng" : -77.50518417,
		"org_state" : "New York",
		"org_cityprov" : "Mendon",
		"org_street" : "26 Mendon Ionia Rd",
		"org_zipcode" : "14506-9730",
		"org_contact_land" : "(585) 624-4990",
		"org_contact_mobile" : "(585) 624-4990",
		"org_contact_title" : "Rev.",
		"org_contact_fname" : "Robert",
		"org_contact_lname" : "Bourcy",
		"org_contact_suffix" : "",
		"org_contact_email" : "fr.rob.bourcy@dor.org",
		"org_diocese" : "Diocese of Rochester",
		"org_website" : "http://www.saintcath.org/"
	},
	{
		"org_name" : "Cornell United Religious Work Catholic Church",
		"org_email" : "catholic@cornell.edu",
		"org_optionc_id" : 1494,
		"org_type" : 2,
		"org_lat" : 42.44500934,
		"org_lng" : -76.4858452,
		"org_state" : "New York",
		"org_cityprov" : "Ithaca",
		"org_street" : "G19 Anabel Taylor Hall, 548 College Avenue",
		"org_zipcode" : "14853-1001",
		"org_contact_land" : "(607) 255-4228",
		"org_contact_mobile" : "(607) 255-4228",
		"org_contact_title" : "Fr.",
		"org_contact_fname" : "Carsten",
		"org_contact_lname" : "Martensen",
		"org_contact_suffix" : "SJ",
		"org_contact_email" : "cpm85@cornell.edu",
		"org_diocese" : "Diocese of Rochester",
		"org_website" : "http://www.cornellcatholic.org/"
	},
	{
		"org_name" : "Catholic Newman Community Church",
		"org_email" : "catholicnewmancommunity@rochester.edu",
		"org_optionc_id" : 1598,
		"org_type" : 2,
		"org_lat" : 43.1356009,
		"org_lng" : -77.61760775,
		"org_state" : "New York",
		"org_cityprov" : "Rochester",
		"org_street" : "320 Wilson Blvd",
		"org_zipcode" : "14620",
		"org_contact_land" : "(585) 275-8515",
		"org_contact_mobile" : "(585) 275-8515",
		"org_contact_title" : "Rev.",
		"org_contact_fname" : "Brian",
		"org_contact_lname" : "Cool",
		"org_contact_suffix" : "",
		"org_contact_email" : "",
		"org_diocese" : "Diocese of Rochester",
		"org_website" : "http://www.urnewman.org/"
	},
	{
		"org_name" : "St. Ambrose Academy",
		"org_email" : "christinedeutsch@bor.org",
		"org_optionc_id" : 1152,
		"org_type" : 1,
		"org_lat" : 43.17614866,
		"org_lng" : -77.55631033,
		"org_state" : "New York",
		"org_cityprov" : "Rochester",
		"org_street" : "31 Empire Blvd",
		"org_zipcode" : "14609",
		"org_contact_land" : "(585) 288-0580",
		"org_contact_mobile" : "(585) 288-0580",
		"org_contact_title" : "",
		"org_contact_fname" : "Christine",
		"org_contact_lname" : "Deutsch",
		"org_contact_suffix" : "",
		"org_contact_email" : "christinedeutsch@bor.org",
		"org_diocese" : "Diocese of Rochester",
		"org_website" : ""
	},
	{
		"org_name" : "St. Vincent de Paul Roman Catholic Church",
		"org_email" : "cstcolum@dor.org",
		"org_optionc_id" : 1491,
		"org_type" : 2,
		"org_lat" : 43.10509842,
		"org_lng" : -77.88504077,
		"org_state" : "New York",
		"org_cityprov" : "Churchville",
		"org_street" : "11 North Main Street",
		"org_zipcode" : "14428",
		"org_contact_land" : "(585) 294-3085",
		"org_contact_mobile" : "(585) 294-3085",
		"org_contact_title" : "Fr.",
		"org_contact_fname" : "John",
		"org_contact_lname" : "Hayes",
		"org_contact_suffix" : "",
		"org_contact_email" : "fr.john.hayes@dor.org",
		"org_diocese" : "Diocese of Rochester",
		"org_website" : "https://www.stmartinrochester.org/"
	},
	{
		"org_name" : "St. Pius X Catholic Church",
		"org_email" : "cstpiusx@dor.org",
		"org_optionc_id" : 1490,
		"org_type" : 2,
		"org_lat" : 43.11424643,
		"org_lng" : -77.73489088,
		"org_state" : "New York",
		"org_cityprov" : "Rochester",
		"org_street" : "3010 Chili Avenue",
		"org_zipcode" : "14624",
		"org_contact_land" : "(585) 247-2566",
		"org_contact_mobile" : "(585) 247-2566",
		"org_contact_title" : "Fr.",
		"org_contact_fname" : "Donald",
		"org_contact_lname" : "Curtiss",
		"org_contact_suffix" : "",
		"org_contact_email" : "",
		"org_diocese" : "Diocese of Rochester",
		"org_website" : "http://saintpiustenth.org/"
	},
	{
		"org_name" : "St. Monica Catholic Church",
		"org_email" : "deborah.hymes@dor.org",
		"org_optionc_id" : 1571,
		"org_type" : 2,
		"org_lat" : 43.13435941,
		"org_lng" : -77.63729093,
		"org_state" : "New York",
		"org_cityprov" : "Rochester",
		"org_street" : "34 Monica St",
		"org_zipcode" : "14619",
		"org_contact_land" : "(585) 235-3340",
		"org_contact_mobile" : "(585) 235-3340",
		"org_contact_title" : "Fr.",
		"org_contact_fname" : "Raymond",
		"org_contact_lname" : "Fleming",
		"org_contact_suffix" : "",
		"org_contact_email" : "",
		"org_diocese" : "Diocese of Rochester",
		"org_website" : "https://www.stmonicaofrochester.org/"
	},
	{
		"org_name" : "St. Michael School - Penn Yan",
		"org_email" : "debra.marvin@dor.org",
		"org_optionc_id" : 1174,
		"org_type" : 1,
		"org_lat" : 42.66126906,
		"org_lng" : -77.05884835,
		"org_state" : "New York",
		"org_cityprov" : "Penn Yan",
		"org_street" : "214 Keuka St.",
		"org_zipcode" : "14527-1143",
		"org_contact_land" : "(315) 536-6112",
		"org_contact_mobile" : "(315) 536-6112",
		"org_contact_title" : "",
		"org_contact_fname" : "Debra",
		"org_contact_lname" : "Marvin",
		"org_contact_suffix" : "",
		"org_contact_email" : "debra.marvin@dor.org",
		"org_diocese" : "Diocese of Rochester",
		"org_website" : ""
	},
	{
		"org_name" : "St. Leo The Great Catholic Church",
		"org_email" : "do'toole@dor.org",
		"org_optionc_id" : 1523,
		"org_type" : 2,
		"org_lat" : 43.29101191,
		"org_lng" : -77.79660516,
		"org_state" : "New York",
		"org_cityprov" : "Hilton",
		"org_street" : "167 Lake Ave",
		"org_zipcode" : "14468",
		"org_contact_land" : "(585) 392-9694",
		"org_contact_mobile" : "(585) 392-9694",
		"org_contact_title" : "Rev",
		"org_contact_fname" : "Joseph",
		"org_contact_lname" : "Catanise",
		"org_contact_suffix" : "",
		"org_contact_email" : "",
		"org_diocese" : "Diocese of Rochester",
		"org_website" : "http://www.stleochurch.org/"
	},
	{
		"org_name" : "St. Agnes School",
		"org_email" : "elizabeth.jensen@dor.org",
		"org_optionc_id" : 1151,
		"org_type" : 1,
		"org_lat" : 42.91285035,
		"org_lng" : -77.74460544,
		"org_state" : "New York",
		"org_cityprov" : "Avon",
		"org_street" : "60 Park Pl.",
		"org_zipcode" : "14414",
		"org_contact_land" : "(585) 226-8500",
		"org_contact_mobile" : "(585) 226-8500",
		"org_contact_title" : "",
		"org_contact_fname" : "Elizabeth",
		"org_contact_lname" : "Jensen",
		"org_contact_suffix" : "",
		"org_contact_email" : "elizabeth.jensen@dor.org",
		"org_diocese" : "Diocese of Rochester",
		"org_website" : ""
	},
	{
		"org_name" : "The Church of Saint Jerome",
		"org_email" : "estjerom@dor.org",
		"org_optionc_id" : 1497,
		"org_type" : 2,
		"org_lat" : 43.11401109,
		"org_lng" : -77.48817531,
		"org_state" : "New York",
		"org_cityprov" : "East Rochester",
		"org_street" : "207 Garfield Street",
		"org_zipcode" : "14445",
		"org_contact_land" : "(585) 586-3231",
		"org_contact_mobile" : "(585) 586-3231",
		"org_contact_title" : "Rev.",
		"org_contact_fname" : "William",
		"org_contact_lname" : "Leone",
		"org_contact_suffix" : "",
		"org_contact_email" : "fr.william.leone@dor.org",
		"org_diocese" : "Diocese of Rochester",
		"org_website" : "http://stjeromerochester.org/"
	},
	{
		"org_name" : "St. Louis School",
		"org_email" : "fbarr@dor.org",
		"org_optionc_id" : 1167,
		"org_type" : 1,
		"org_lat" : 43.08787375,
		"org_lng" : -77.5161803,
		"org_state" : "New York",
		"org_cityprov" : "Pittsford",
		"org_street" : "11 Rand Place",
		"org_zipcode" : "14534",
		"org_contact_land" : "(585) 586-5200",
		"org_contact_mobile" : "(585) 586-5200",
		"org_contact_title" : "",
		"org_contact_fname" : "Fran",
		"org_contact_lname" : "Barr",
		"org_contact_suffix" : "",
		"org_contact_email" : "fbarr@dor.org",
		"org_diocese" : "Diocese of Rochester",
		"org_website" : ""
	},
	{
		"org_name" : "St. Joseph the Worker Catholic Church",
		"org_email" : "fchumo@dor.org",
		"org_optionc_id" : 1493,
		"org_type" : 2,
		"org_lat" : 43.08733718,
		"org_lng" : -76.87047126,
		"org_state" : "New York",
		"org_cityprov" : "Clyde",
		"org_street" : "43 West DeZeng St",
		"org_zipcode" : "14433",
		"org_contact_land" : "(315) 902-4130",
		"org_contact_mobile" : "(315) 902-4130",
		"org_contact_title" : "Fr.",
		"org_contact_fname" : "Augustine",
		"org_contact_lname" : "Chumo",
		"org_contact_suffix" : "",
		"org_contact_email" : "",
		"org_diocese" : "Diocese of Rochester",
		"org_website" : "http://www.mikejohnpat.org/"
	},
	{
		"org_name" : "St. Casimir Catholic Church",
		"org_email" : "Fr. Scott.Kubinski@dor.org",
		"org_optionc_id" : 1498,
		"org_type" : 2,
		"org_lat" : 42.10116182,
		"org_lng" : -76.82073196,
		"org_state" : "New York",
		"org_cityprov" : "Elmira",
		"org_street" : "1000 Davis Street",
		"org_zipcode" : "14901",
		"org_contact_land" : "(607) 733-3484",
		"org_contact_mobile" : "(607) 733-3484",
		"org_contact_title" : "Fr.",
		"org_contact_fname" : "Scott",
		"org_contact_lname" : "Kubinski",
		"org_contact_suffix" : "",
		"org_contact_email" : "",
		"org_diocese" : "Diocese of Rochester",
		"org_website" : ""
	},
	{
		"org_name" : "St. Lawrence School",
		"org_email" : "frank.arvizzigno@dor.org",
		"org_optionc_id" : 1166,
		"org_type" : 1,
		"org_lat" : 43.22754727,
		"org_lng" : -77.73217304,
		"org_state" : "New York",
		"org_cityprov" : "Rochester",
		"org_street" : "1000 N. Greece Rd.",
		"org_zipcode" : "14626-1098",
		"org_contact_land" : "(585) 225-3870",
		"org_contact_mobile" : "(585) 225-3870",
		"org_contact_title" : "",
		"org_contact_fname" : "Frank",
		"org_contact_lname" : "Arvizzigno",
		"org_contact_suffix" : "",
		"org_contact_email" : "frank.arvizzigno@dor.org",
		"org_diocese" : "Diocese of Rochester",
		"org_website" : ""
	},
	{
		"org_name" : "Notre Dame High School",
		"org_email" : "franklind@notredamehighschool.com",
		"org_optionc_id" : 194,
		"org_type" : 1,
		"org_lat" : 42.06277125,
		"org_lng" : -76.78767079,
		"org_state" : "New York",
		"org_cityprov" : "Elmira",
		"org_street" : "1400 Maple Ave,",
		"org_zipcode" : "14904",
		"org_contact_land" : "(607) 734-2267",
		"org_contact_mobile" : "(607) 734-2267",
		"org_contact_title" : "",
		"org_contact_fname" : "Deborah",
		"org_contact_lname" : "Franklin",
		"org_contact_suffix" : "",
		"org_contact_email" : "franklind@notredamehighschool.com",
		"org_diocese" : "Diocese of Rochester",
		"org_website" : ""
	},
	{
		"org_name" : "St. Anthony Catholic Church",
		"org_email" : "gstantho@dor.org",
		"org_optionc_id" : 1520,
		"org_type" : 2,
		"org_lat" : 42.60414512,
		"org_lng" : -76.37176709,
		"org_state" : "New York",
		"org_cityprov" : "Groton",
		"org_street" : "312 Locke Road",
		"org_zipcode" : "13073",
		"org_contact_land" : "(607) 898-5135",
		"org_contact_mobile" : "(607) 898-5135",
		"org_contact_title" : "Fr",
		"org_contact_fname" : "Malachy",
		"org_contact_lname" : "Nwosu",
		"org_contact_suffix" : "",
		"org_contact_email" : "",
		"org_diocese" : "Diocese of Rochester",
		"org_website" : "http://www.holycrossdryden.org/sa.html"
	},
	{
		"org_name" : "St. Charles Borromeo Roman Catholic Church",
		"org_email" : "gstcharl@dor.org",
		"org_optionc_id" : 1515,
		"org_type" : 2,
		"org_lat" : 43.22462091,
		"org_lng" : -77.6430157,
		"org_state" : "New York",
		"org_cityprov" : "Rochester",
		"org_street" : "3003 Dewey Avenue",
		"org_zipcode" : "14616",
		"org_contact_land" : "(585) 663-3230",
		"org_contact_mobile" : "(585) 663-3230",
		"org_contact_title" : "Fr",
		"org_contact_fname" : "John",
		"org_contact_lname" : "Firpo",
		"org_contact_suffix" : "",
		"org_contact_email" : "",
		"org_diocese" : "Diocese of Rochester",
		"org_website" : "https://www.stcharlesgreece.org/"
	},
	{
		"org_name" : "St. John the Evangelist Catholic Church (Greece)",
		"org_email" : "gstjohnt@dor.org",
		"org_optionc_id" : 1514,
		"org_type" : 2,
		"org_lat" : 43.21084474,
		"org_lng" : -77.69134845,
		"org_state" : "New York",
		"org_cityprov" : "Greece",
		"org_street" : "2400 West Ridge Road",
		"org_zipcode" : "14626",
		"org_contact_land" : "(585) 225-8980",
		"org_contact_mobile" : "(585) 225-8980",
		"org_contact_title" : "Rev",
		"org_contact_fname" : "Peter",
		"org_contact_lname" : "Boadu",
		"org_contact_suffix" : "",
		"org_contact_email" : "FEnyanBo@dor.org",
		"org_diocese" : "Diocese of Rochester",
		"org_website" : "https://www.stjohngreece.org/"
	},
	{
		"org_name" : "Mount Saviour Monastery",
		"org_email" : "guest@msaviour.org",
		"org_optionc_id" : 1558,
		"org_type" : 2,
		"org_lat" : 42.09005824,
		"org_lng" : -76.93770021,
		"org_state" : "New York",
		"org_cityprov" : "Pine City",
		"org_street" : "231 Monastery Rd.",
		"org_zipcode" : "14871-9787",
		"org_contact_land" : "(607) 734-1688",
		"org_contact_mobile" : "(607) 734-1688",
		"org_contact_title" : "Fr.",
		"org_contact_fname" : "Joseph Gabriel",
		"org_contact_lname" : "Cusimano",
		"org_contact_suffix" : "",
		"org_contact_email" : "",
		"org_diocese" : "Diocese of Rochester",
		"org_website" : "http://www.msaviour.org/index.php"
	},
	{
		"org_name" : "Holy Family Catholic Community",
		"org_email" : "hfcc@dor.org",
		"org_optionc_id" : 1604,
		"org_type" : 2,
		"org_lat" : 42.56862513,
		"org_lng" : -77.59571874,
		"org_state" : "New York",
		"org_cityprov" : "Wayland",
		"org_street" : "206 Fremont Street",
		"org_zipcode" : "14572",
		"org_contact_land" : "(585) 728-2228",
		"org_contact_mobile" : "(585) 728-2228",
		"org_contact_title" : "Fr.",
		"org_contact_fname" : "Stephen",
		"org_contact_lname" : "Karani",
		"org_contact_suffix" : "",
		"org_contact_email" : "",
		"org_diocese" : "Diocese of Rochester",
		"org_website" : "http://www.hfccwny.org/"
	},
	{
		"org_name" : "St. Francis Solanus Catholic Church",
		"org_email" : "immmercy@dor.org",
		"org_optionc_id" : 1528,
		"org_type" : 2,
		"org_lat" : 42.6161727,
		"org_lng" : -76.72354489,
		"org_state" : "New York",
		"org_cityprov" : "Interlaken",
		"org_street" : "3660 Orchard Street",
		"org_zipcode" : "14847",
		"org_contact_land" : "(607) 869-2261",
		"org_contact_mobile" : "(607) 869-2261",
		"org_contact_title" : "Rev",
		"org_contact_fname" : "Bartholomew",
		"org_contact_lname" : "Minson",
		"org_contact_suffix" : "OFM Cap",
		"org_contact_email" : "",
		"org_diocese" : "Diocese of Rochester",
		"org_website" : "http://marymotherofmercy.com/"
	},
	{
		"org_name" : "St. Catherine of Siena Catholic Church",
		"org_email" : "istcathe@dor.org",
		"org_optionc_id" : 1534,
		"org_type" : 2,
		"org_lat" : 42.46907248,
		"org_lng" : -76.47072097,
		"org_state" : "New York",
		"org_cityprov" : "Ithaca",
		"org_street" : "302 St. Catherines Cir",
		"org_zipcode" : "14850",
		"org_contact_land" : "(607) 257-2493",
		"org_contact_mobile" : "(607) 257-2493",
		"org_contact_title" : "Fr",
		"org_contact_fname" : "Joseph",
		"org_contact_lname" : "Marcoux",
		"org_contact_suffix" : "",
		"org_contact_email" : "fr.joseph.marcoux@dor.org",
		"org_diocese" : "Diocese of Rochester",
		"org_website" : "https://stcathofsiena.org/"
	},
	{
		"org_name" : "St. Mary Our Mother School",
		"org_email" : "jean.yorio@dor.org",
		"org_optionc_id" : 1169,
		"org_type" : 1,
		"org_lat" : 42.16805918,
		"org_lng" : -76.83879791,
		"org_state" : "New York",
		"org_cityprov" : "Horseheads",
		"org_street" : "811 Westlake St.",
		"org_zipcode" : "14845-2099",
		"org_contact_land" : "(607) 739-9157",
		"org_contact_mobile" : "(607) 739-9157",
		"org_contact_title" : "",
		"org_contact_fname" : "Jean",
		"org_contact_lname" : "Yorio",
		"org_contact_suffix" : "",
		"org_contact_email" : "jean.yorio@dor.org",
		"org_diocese" : "Diocese of Rochester",
		"org_website" : ""
	},
	{
		"org_name" : "Holy Family Roman Catholic Church",
		"org_email" : "Karen.Brennan@dor.org",
		"org_optionc_id" : 1472,
		"org_type" : 2,
		"org_lat" : 42.93610519,
		"org_lng" : -76.56678684,
		"org_state" : "New York",
		"org_cityprov" : "Auburn",
		"org_street" : "85 North Street",
		"org_zipcode" : "13021",
		"org_contact_land" : "(315) 252-9576",
		"org_contact_mobile" : "(315) 252-9576",
		"org_contact_title" : "Fr",
		"org_contact_fname" : "John",
		"org_contact_lname" : "Gathenya",
		"org_contact_suffix" : "",
		"org_contact_email" : "Fr.John.Gathenya@dor.org",
		"org_diocese" : "Diocese of Rochester",
		"org_website" : "http://auburnholyfamily.org/"
	},
	{
		"org_name" : "St. Joseph's Catholic Church (Penfield)",
		"org_email" : "Kathleen.Best@sjcpenfield.com",
		"org_optionc_id" : 1554,
		"org_type" : 2,
		"org_lat" : 43.13642468,
		"org_lng" : -77.47790632,
		"org_state" : "New York",
		"org_cityprov" : "Penfield",
		"org_street" : "43 Gebhardt Road",
		"org_zipcode" : "14526",
		"org_contact_land" : "(585) 586-8089",
		"org_contact_mobile" : "(585) 586-8089",
		"org_contact_title" : "Fr.",
		"org_contact_fname" : "James",
		"org_contact_lname" : "Schwartz",
		"org_contact_suffix" : "",
		"org_contact_email" : "schwartz@sjcpenfield.com",
		"org_diocese" : "Diocese of Rochester",
		"org_website" : "http://www.sjcpenfield.com/"
	},
	{
		"org_name" : "All Saints Catholic Church",
		"org_email" : "lallsain@dor.org",
		"org_optionc_id" : 1535,
		"org_type" : 2,
		"org_lat" : 42.54261633,
		"org_lng" : -76.53860554,
		"org_state" : "New York",
		"org_cityprov" : "Lansing",
		"org_street" : "347 Ridge Road",
		"org_zipcode" : "14882",
		"org_contact_land" : "(607) 533-7344",
		"org_contact_mobile" : "(607) 533-7344",
		"org_contact_title" : "Fr.",
		"org_contact_fname" : "Malachy",
		"org_contact_lname" : "Nwosu",
		"org_contact_suffix" : "",
		"org_contact_email" : "",
		"org_diocese" : "Diocese of Rochester",
		"org_website" : "http://www.holycrossdryden.org/as.html"
	},
	{
		"org_name" : "St. John Bosco Schools/Chesterton Academy",
		"org_email" : "lcollins@johnboscoschools.org",
		"org_optionc_id" : 1126,
		"org_type" : 1,
		"org_lat" : 43.11204531,
		"org_lng" : -77.48958093,
		"org_state" : "New York",
		"org_cityprov" : "E. Rochester",
		"org_street" : "501 Garfield St.",
		"org_zipcode" : "14445",
		"org_contact_land" : "(585) 348-9401",
		"org_contact_mobile" : "(585) 348-9401",
		"org_contact_title" : "",
		"org_contact_fname" : "Laurie",
		"org_contact_lname" : "Collins",
		"org_contact_suffix" : "",
		"org_contact_email" : "lcollins@johnboscoschools.org",
		"org_diocese" : "Diocese of Rochester",
		"org_website" : ""
	},
	{
		"org_name" : "St. Francis DeSales - St. Stephen",
		"org_email" : "lorraine.williams@dor.org",
		"org_optionc_id" : 1157,
		"org_type" : 1,
		"org_lat" : 42.86750993,
		"org_lng" : -76.98940479,
		"org_state" : "New York",
		"org_cityprov" : "Geneva",
		"org_street" : "17 Elmwood Ave.",
		"org_zipcode" : "14456",
		"org_contact_land" : "(315) 789-1828",
		"org_contact_mobile" : "(315) 789-1828",
		"org_contact_title" : "",
		"org_contact_fname" : "Lorraine",
		"org_contact_lname" : "Williams",
		"org_contact_suffix" : "",
		"org_contact_email" : "lorraine.williams@dor.org",
		"org_diocese" : "Diocese of Rochester",
		"org_website" : ""
	},
	{
		"org_name" : "Nativity Preparatory Academy",
		"org_email" : "Maria.Cahill@dor.org",
		"org_optionc_id" : 1155,
		"org_type" : 1,
		"org_lat" : 43.14338373,
		"org_lng" : -77.60324515,
		"org_state" : "New York",
		"org_cityprov" : "Rochester",
		"org_street" : "15 Whalin St.",
		"org_zipcode" : "14620-1399",
		"org_contact_land" : "(585) 271-1630",
		"org_contact_mobile" : "(585) 271-1630",
		"org_contact_title" : "",
		"org_contact_fname" : "Maria",
		"org_contact_lname" : "Cahill",
		"org_contact_suffix" : "",
		"org_contact_email" : "Maria.Cahill@dor.org",
		"org_diocese" : "Diocese of Rochester",
		"org_website" : ""
	},
	{
		"org_name" : "All Saints Academy",
		"org_email" : "mary.ann.lacey@dor.org",
		"org_optionc_id" : 1123,
		"org_type" : 1,
		"org_lat" : 42.14226395,
		"org_lng" : -77.06088915,
		"org_state" : "New York",
		"org_cityprov" : "Corning",
		"org_street" : "158 State St.",
		"org_zipcode" : "14830",
		"org_contact_land" : "(607) 936-9234",
		"org_contact_mobile" : "(607) 936-9234",
		"org_contact_title" : "",
		"org_contact_fname" : "Mary Ann",
		"org_contact_lname" : "Lacey",
		"org_contact_suffix" : "",
		"org_contact_email" : "mary.ann.lacey@dor.org",
		"org_diocese" : "Diocese of Rochester",
		"org_website" : ""
	},
	{
		"org_name" : "St. Hyacinth's Catholic Church",
		"org_email" : "MaryandMartha@dor.org",
		"org_optionc_id" : 1469,
		"org_type" : 2,
		"org_lat" : 42.94155567,
		"org_lng" : -76.57648809,
		"org_state" : "New York",
		"org_cityprov" : "Auburn",
		"org_street" : "61 Pulaski Street",
		"org_zipcode" : "13021",
		"org_contact_land" : "(315) 282-0187",
		"org_contact_mobile" : "(315) 282-0187",
		"org_contact_title" : "",
		"org_contact_fname" : "",
		"org_contact_lname" : "",
		"org_contact_suffix" : "",
		"org_contact_email" : "",
		"org_diocese" : "Diocese of Rochester",
		"org_website" : "http://marymarthaauburn.org/"
	},
	{
		"org_name" : "Tyburn Academy of Mary Immaculate",
		"org_email" : "mdelfavero@tyburnacademy.com",
		"org_optionc_id" : 1147,
		"org_type" : 1,
		"org_lat" : 42.91700532,
		"org_lng" : -76.56930134,
		"org_state" : "New York",
		"org_cityprov" : "Auburn",
		"org_street" : "17 Clymer Street",
		"org_zipcode" : "13021",
		"org_contact_land" : "(315) 252-2937",
		"org_contact_mobile" : "(315) 252-2937",
		"org_contact_title" : "",
		"org_contact_fname" : "Maura",
		"org_contact_lname" : "DelFavero",
		"org_contact_suffix" : "",
		"org_contact_email" : "mdelfavero@tyburnacademy.com",
		"org_diocese" : "Diocese of Rochester",
		"org_website" : ""
	},
	{
		"org_name" : "St. Alphonsus Catholic Church",
		"org_email" : "melody.fillion@dor.org",
		"org_optionc_id" : 1470,
		"org_type" : 2,
		"org_lat" : 42.9338598,
		"org_lng" : -76.55561196,
		"org_state" : "New York",
		"org_cityprov" : "Auburn",
		"org_street" : "10 S Lewis St",
		"org_zipcode" : "13021",
		"org_contact_land" : "(315) 252-7261",
		"org_contact_mobile" : "(315) 252-7261",
		"org_contact_title" : "Rev",
		"org_contact_fname" : "Louis",
		"org_contact_lname" : "Vasile",
		"org_contact_suffix" : "",
		"org_contact_email" : "",
		"org_diocese" : "Diocese of Rochester",
		"org_website" : "https://www.stalphonsusauburn.com/"
	},
	{
		"org_name" : "Our Lady of Mercy High School",
		"org_email" : "mkilbridge@mercyhs.com",
		"org_optionc_id" : 1141,
		"org_type" : 1,
		"org_lat" : 43.14785994,
		"org_lng" : -77.53659946,
		"org_state" : "New York",
		"org_cityprov" : "Rochester",
		"org_street" : "1437 Blossom Road",
		"org_zipcode" : "14610",
		"org_contact_land" : "(585) 288-7120",
		"org_contact_mobile" : "(585) 288-7120",
		"org_contact_title" : "",
		"org_contact_fname" : "Martin",
		"org_contact_lname" : "Kilbridge",
		"org_contact_suffix" : "",
		"org_contact_email" : "mkilbridge@mercyhs.com",
		"org_diocese" : "Diocese of Rochester",
		"org_website" : ""
	},
	{
		"org_name" : "Nazareth Elementary School",
		"org_email" : "MMancuso@nazarethschools.org",
		"org_optionc_id" : 1144,
		"org_type" : 1,
		"org_lat" : 43.19220728,
		"org_lng" : -77.63327522,
		"org_state" : "New York",
		"org_cityprov" : "Rochester",
		"org_street" : "311 Flower City Park",
		"org_zipcode" : "14613-1720",
		"org_contact_land" : "(585) 458-3786",
		"org_contact_mobile" : "(585) 458-3786",
		"org_contact_title" : "",
		"org_contact_fname" : "Margaret",
		"org_contact_lname" : "Mancuso",
		"org_contact_suffix" : "",
		"org_contact_email" : "MMancuso@nazarethschools.org",
		"org_diocese" : "Diocese of Rochester",
		"org_website" : ""
	},
	{
		"org_name" : "Our Mother of Sorrows Catholic Church",
		"org_email" : "mos@dor.org",
		"org_optionc_id" : 1517,
		"org_type" : 2,
		"org_lat" : 43.25141319,
		"org_lng" : -77.65794149,
		"org_state" : "New York",
		"org_cityprov" : "Rochester",
		"org_street" : "5000 Mt Read Blvd",
		"org_zipcode" : "14612",
		"org_contact_land" : "(585) 663-5432",
		"org_contact_mobile" : "(585) 663-5432",
		"org_contact_title" : "Rev",
		"org_contact_fname" : "Paul",
		"org_contact_lname" : "Tomasso",
		"org_contact_suffix" : "",
		"org_contact_email" : "",
		"org_diocese" : "Diocese of Rochester",
		"org_website" : "http://motherofsorrows.net/?view=mobile"
	},
	{
		"org_name" : "Newman Catholic Campus Center",
		"org_email" : "newmanor@frontiernet.net",
		"org_optionc_id" : 1483,
		"org_type" : 2,
		"org_lat" : 43.20951508,
		"org_lng" : -77.94500372,
		"org_state" : "New York",
		"org_cityprov" : "Brockport",
		"org_street" : "96 Adams St.",
		"org_zipcode" : "14420",
		"org_contact_land" : "(585) 637-5036",
		"org_contact_mobile" : "(585) 637-5036",
		"org_contact_title" : "",
		"org_contact_fname" : "",
		"org_contact_lname" : "",
		"org_contact_suffix" : "",
		"org_contact_email" : "",
		"org_diocese" : "Diocese of Rochester",
		"org_website" : "http://brockportnewmancenter.org/"
	},
	{
		"org_name" : "Our Lady of Victory/St Josephs Catholic Church",
		"org_email" : "olvsj@frontiernet.net",
		"org_optionc_id" : 1567,
		"org_type" : 2,
		"org_lat" : 43.159045,
		"org_lng" : -77.60894037,
		"org_state" : "New York",
		"org_cityprov" : "Rochester",
		"org_street" : "210 Pleasant St",
		"org_zipcode" : "14604",
		"org_contact_land" : "(585) 454-2244",
		"org_contact_mobile" : "(585) 454-2244",
		"org_contact_title" : "Rev.",
		"org_contact_fname" : "Ronald",
		"org_contact_lname" : "Antinarelli",
		"org_contact_suffix" : "KCHS",
		"org_contact_email" : "",
		"org_diocese" : "Diocese of Rochester",
		"org_website" : "http://www.olvsj.org/"
	},
	{
		"org_name" : "Church of the Assumption",
		"org_email" : "palumbos@dor.org",
		"org_optionc_id" : 1504,
		"org_type" : 2,
		"org_lat" : 43.10521261,
		"org_lng" : -77.44035791,
		"org_state" : "New York",
		"org_cityprov" : "Fairport",
		"org_street" : "20 East Avenue",
		"org_zipcode" : "14450",
		"org_contact_land" : "(585) 388-0040",
		"org_contact_mobile" : "(585) 388-0040",
		"org_contact_title" : "Rev.",
		"org_contact_fname" : "Edward",
		"org_contact_lname" : "Palumbos",
		"org_contact_suffix" : "",
		"org_contact_email" : "",
		"org_diocese" : "Diocese of Rochester",
		"org_website" : "https://cota.church/"
	},
	{
		"org_name" : "St. Bernard Catholic Church",
		"org_email" : "parish@stbernardcville.org",
		"org_optionc_id" : 1589,
		"org_type" : 2,
		"org_lat" : 42.7844955,
		"org_lng" : -76.55291332,
		"org_state" : "New York",
		"org_cityprov" : "Scipio Center",
		"org_street" : "2841 Center Road",
		"org_zipcode" : "13147",
		"org_contact_land" : "(765) 362-6121",
		"org_contact_mobile" : "(765) 362-6121",
		"org_contact_title" : "Rev.",
		"org_contact_fname" : "Don",
		"org_contact_lname" : "Curtiss",
		"org_contact_suffix" : "",
		"org_contact_email" : "",
		"org_diocese" : "Diocese of Rochester",
		"org_website" : "http://www.stbernardcville.org/"
	},
	{
		"org_name" : "Seton Catholic School",
		"org_email" : "patricia.selig@dor.org",
		"org_optionc_id" : 1148,
		"org_type" : 1,
		"org_lat" : 43.13319238,
		"org_lng" : -77.56399529,
		"org_state" : "New York",
		"org_cityprov" : "Rochester",
		"org_street" : "165 Rhinecliff Dr.",
		"org_zipcode" : "14618",
		"org_contact_land" : "(585) 473-6604",
		"org_contact_mobile" : "(585) 473-6604",
		"org_contact_title" : "",
		"org_contact_fname" : "Patricia",
		"org_contact_lname" : "Selig",
		"org_contact_suffix" : "",
		"org_contact_email" : "patricia.selig@dor.org",
		"org_diocese" : "Diocese of Rochester",
		"org_website" : ""
	},
	{
		"org_name" : "Holy Ghost Catholic Church (Rochester)",
		"org_email" : "Peggy.Brown@dor.org",
		"org_optionc_id" : 1509,
		"org_type" : 2,
		"org_lat" : 43.1380163,
		"org_lng" : -77.73525348,
		"org_state" : "New York",
		"org_cityprov" : "Rochester",
		"org_street" : "250 Coldwater Road",
		"org_zipcode" : "14624",
		"org_contact_land" : "(585) 247-4322",
		"org_contact_mobile" : "(585) 247-4322",
		"org_contact_title" : "Rev.",
		"org_contact_fname" : "Mike",
		"org_contact_lname" : "Schramel",
		"org_contact_suffix" : "",
		"org_contact_email" : "Fr.Michael.Schramel@dor.org",
		"org_diocese" : "Diocese of Rochester",
		"org_website" : "http://www.theparishoftheholyfamily.org/"
	},
	{
		"org_name" : "Church of the Holy Spirit",
		"org_email" : "pholyspi@dor.org",
		"org_optionc_id" : 1553,
		"org_type" : 2,
		"org_lat" : 43.18330026,
		"org_lng" : -77.4857694,
		"org_state" : "New York",
		"org_cityprov" : "Webster",
		"org_street" : "1355 Hatch Road",
		"org_zipcode" : "14580",
		"org_contact_land" : "(585) 671-5520",
		"org_contact_mobile" : "(585) 671-5520",
		"org_contact_title" : "Rev.",
		"org_contact_fname" : "Frederick",
		"org_contact_lname" : "Helfrich",
		"org_contact_suffix" : "",
		"org_contact_email" : "",
		"org_diocese" : "Diocese of Rochester",
		"org_website" : "http://churchofholyspiritwebster.org/"
	},
	{
		"org_name" : "Holy Trinity Catholic Church (Webster)",
		"org_email" : "pschultz@dor.org",
		"org_optionc_id" : 1606,
		"org_type" : 2,
		"org_lat" : 43.21494166,
		"org_lng" : -77.41504594,
		"org_state" : "New York",
		"org_cityprov" : "Webster",
		"org_street" : "1460 Ridge Rd",
		"org_zipcode" : "14580",
		"org_contact_land" : "(585) 265-1616",
		"org_contact_mobile" : "(585) 265-1616",
		"org_contact_title" : "Fr.",
		"org_contact_fname" : "Timothy",
		"org_contact_lname" : "Horan",
		"org_contact_suffix" : "",
		"org_contact_email" : "fhoran@dor.org",
		"org_diocese" : "Diocese of Rochester",
		"org_website" : "http://holytrinityweb.com/index.php"
	},
	{
		"org_name" : "Blessed Sacrament Catholic Church (Rochester)",
		"org_email" : "rblessed@dor.org",
		"org_optionc_id" : 1576,
		"org_type" : 2,
		"org_lat" : 43.14456263,
		"org_lng" : -77.58819202,
		"org_state" : "New York",
		"org_cityprov" : "Rochester",
		"org_street" : "259 Rutgers Street",
		"org_zipcode" : "14607",
		"org_contact_land" : "(585) 271-7240",
		"org_contact_mobile" : "(585) 271-7240",
		"org_contact_title" : "Fr.",
		"org_contact_fname" : "Robert",
		"org_contact_lname" : "Kennedy",
		"org_contact_suffix" : "",
		"org_contact_email" : "fr.John.Loncle@dor.org",
		"org_diocese" : "Diocese of Rochester",
		"org_website" : "http://www.southeastrochestercatholics.org/"
	},
	{
		"org_name" : "Immaculate Conception Catholic Church (Rochester)",
		"org_email" : "rimmacul@dor.org",
		"org_optionc_id" : 1582,
		"org_type" : 2,
		"org_lat" : 43.14686016,
		"org_lng" : -77.61694558,
		"org_state" : "New York",
		"org_cityprov" : "Rochester",
		"org_street" : "445 Frederick Douglass Street",
		"org_zipcode" : "14608",
		"org_contact_land" : "(585) 325-3893",
		"org_contact_mobile" : "(585) 325-3893",
		"org_contact_title" : "Fr.",
		"org_contact_fname" : "Bradley",
		"org_contact_lname" : "Bradler",
		"org_contact_suffix" : "",
		"org_contact_email" : "",
		"org_diocese" : "Diocese of Rochester",
		"org_website" : "http://www.immaculateconceptionrochester.org/Default.aspx"
	},
	{
		"org_name" : "St. Boniface Catholic Church",
		"org_email" : "rstbonif@dor.org",
		"org_optionc_id" : 1577,
		"org_type" : 2,
		"org_lat" : 43.14289452,
		"org_lng" : -77.60307577,
		"org_state" : "New York",
		"org_cityprov" : "Rochester",
		"org_street" : "330 Gregory Street",
		"org_zipcode" : "14620",
		"org_contact_land" : "(585) 271-7240",
		"org_contact_mobile" : "(585) 271-7240",
		"org_contact_title" : "Fr.",
		"org_contact_fname" : "Robert",
		"org_contact_lname" : "Kennedy",
		"org_contact_suffix" : "",
		"org_contact_email" : "fr.John.Loncle@dor.org",
		"org_diocese" : "Diocese of Rochester",
		"org_website" : "http://www.southeastrochestercatholics.org/"
	},
	{
		"org_name" : "St. Josaphat's Ukrainian Catholic Church",
		"org_email" : "rstjosap@rochester.rr.com",
		"org_optionc_id" : 1532,
		"org_type" : 2,
		"org_lat" : 43.19770174,
		"org_lng" : -77.59312953,
		"org_state" : "New York",
		"org_cityprov" : "Rochester",
		"org_street" : "940 Ridge Road East",
		"org_zipcode" : "14621",
		"org_contact_land" : "(585) 467-6457",
		"org_contact_mobile" : "(585) 467-6457",
		"org_contact_title" : "Rev",
		"org_contact_fname" : "Philip",
		"org_contact_lname" : "Weiner",
		"org_contact_suffix" : "",
		"org_contact_email" : "",
		"org_diocese" : "Diocese of Rochester",
		"org_website" : "http://www.stjosaphats.org/Main.cshtml"
	},
	{
		"org_name" : "St. Mary's Catholic Church (Rochester)",
		"org_email" : "rstmaryc@dor.org",
		"org_optionc_id" : 1569,
		"org_type" : 2,
		"org_lat" : 43.15322107,
		"org_lng" : -77.6059976,
		"org_state" : "New York",
		"org_cityprov" : "Rochester",
		"org_street" : "15 St. Mary's Place",
		"org_zipcode" : "14607",
		"org_contact_land" : "(585) 271-7240",
		"org_contact_mobile" : "(585) 271-7240",
		"org_contact_title" : "Fr.",
		"org_contact_fname" : "Scott",
		"org_contact_lname" : "Caton",
		"org_contact_suffix" : "",
		"org_contact_email" : "",
		"org_diocese" : "Diocese of Rochester",
		"org_website" : "http://www.southeastrochestercatholics.org/"
	},
	{
		"org_name" : "St. Elizabeth Ann Seton Catholic Church (Hamlin)",
		"org_email" : "seas@dor.org",
		"org_optionc_id" : 1521,
		"org_type" : 2,
		"org_lat" : 43.3129461,
		"org_lng" : -77.92289221,
		"org_state" : "New York",
		"org_cityprov" : "Hamlin",
		"org_street" : "3747 Brick Schoolhouse Road; P.O. Box 149",
		"org_zipcode" : "14464",
		"org_contact_land" : "(585) 964-8627",
		"org_contact_mobile" : "(585) 964-8627",
		"org_contact_title" : "Rev",
		"org_contact_fname" : "William",
		"org_contact_lname" : "Spilly",
		"org_contact_suffix" : "",
		"org_contact_email" : "",
		"org_diocese" : "Diocese of Rochester",
		"org_website" : "http://www.myseas.org/"
	},
	{
		"org_name" : "St. Louis Catholic Church",
		"org_email" : "Shannon.Toot@dor.org",
		"org_optionc_id" : 1561,
		"org_type" : 2,
		"org_lat" : 43.08803772,
		"org_lng" : -77.51621031,
		"org_state" : "New York",
		"org_cityprov" : "Pittsford",
		"org_street" : "64 South Main Street",
		"org_zipcode" : "14534",
		"org_contact_land" : "(585) 586-5675",
		"org_contact_mobile" : "(585) 586-5675",
		"org_contact_title" : "Fr.",
		"org_contact_fname" : "Bob",
		"org_contact_lname" : "Ring",
		"org_contact_suffix" : "",
		"org_contact_email" : "Fr.Bob.Ring@dor.org",
		"org_diocese" : "Diocese of Rochester",
		"org_website" : "http://www.stlouischurch.org/"
	},
	{
		"org_name" : "St. Joseph the Carpenter Catholic Church",
		"org_email" : "ssimt@dor.org",
		"org_optionc_id" : 1485,
		"org_type" : 2,
		"org_lat" : 42.2319821,
		"org_lng" : -77.19570239,
		"org_state" : "New York",
		"org_cityprov" : "Campbell",
		"org_street" : "8508 Main St",
		"org_zipcode" : "14821",
		"org_contact_land" : "(607) 527-3239",
		"org_contact_mobile" : "(607) 527-3239",
		"org_contact_title" : "Fr.",
		"org_contact_fname" : "Pat",
		"org_contact_lname" : "Connor",
		"org_contact_suffix" : "",
		"org_contact_email" : "Fr.Pat.Connor@dor.org",
		"org_diocese" : "Diocese of Rochester",
		"org_website" : "http://www.abcparishes.org/"
	},
	{
		"org_name" : "St. John the Evangelist Church (Spencerport)",
		"org_email" : "sstjohnc@dor.org",
		"org_optionc_id" : 1595,
		"org_type" : 2,
		"org_lat" : 43.19330419,
		"org_lng" : -77.80324811,
		"org_state" : "New York",
		"org_cityprov" : "Spencerport",
		"org_street" : "55 Martha Street",
		"org_zipcode" : "14559",
		"org_contact_land" : "(585) 352-5481",
		"org_contact_mobile" : "(585) 352-5481",
		"org_contact_title" : "Fr.",
		"org_contact_fname" : "Peter",
		"org_contact_lname" : "Mottola",
		"org_contact_suffix" : "",
		"org_contact_email" : "Fr.Peter.Mottola@dor.org",
		"org_diocese" : "Diocese of Rochester",
		"org_website" : "http://www.stjohnschurchspencerport.org/"
	},
	{
		"org_name" : "St. Mary's Catholic Church (Waterloo)",
		"org_email" : "sstpatri@dor.org",
		"org_optionc_id" : 1601,
		"org_type" : 2,
		"org_lat" : 42.90970185,
		"org_lng" : -76.86569365,
		"org_state" : "New York",
		"org_cityprov" : "Waterloo",
		"org_street" : "25 Center St",
		"org_zipcode" : "13165",
		"org_contact_land" : "(315) 539-2944",
		"org_contact_mobile" : "(315) 539-2944",
		"org_contact_title" : "Fr.",
		"org_contact_fname" : "Jim",
		"org_contact_lname" : "Fennessy",
		"org_contact_suffix" : "",
		"org_contact_email" : "ffennessy@dor.org",
		"org_diocese" : "Diocese of Rochester",
		"org_website" : "http://sfscrcc.org/"
	},
	{
		"org_name" : "Parish Community of Our Lady Queen of Peace",
		"org_email" : "stm@dor.org",
		"org_optionc_id" : 1480,
		"org_type" : 2,
		"org_lat" : 43.10747893,
		"org_lng" : -77.56414872,
		"org_state" : "New York",
		"org_cityprov" : "Rochester",
		"org_street" : "601 Edgewood Ave.",
		"org_zipcode" : "14618",
		"org_contact_land" : "(585) 244-3010",
		"org_contact_mobile" : "(585) 244-3010",
		"org_contact_title" : "Very Rev.",
		"org_contact_fname" : "Joseph",
		"org_contact_lname" : "Hart",
		"org_contact_suffix" : "STD, VG",
		"org_contact_email" : "hart@dor.org",
		"org_diocese" : "Diocese of Rochester",
		"org_website" : "https://olqpstm.com/"
	},
	{
		"org_name" : "St. Dominic Catholic Church",
		"org_email" : "stpeters@dor.org",
		"org_optionc_id" : 1592,
		"org_type" : 2,
		"org_lat" : 42.95471338,
		"org_lng" : -77.22935355,
		"org_state" : "New York",
		"org_cityprov" : "Shortsville",
		"org_street" : "97 W Main St",
		"org_zipcode" : "14548",
		"org_contact_land" : "(518) 298-4164",
		"org_contact_mobile" : "(518) 298-4164",
		"org_contact_title" : "Fr.",
		"org_contact_fname" : "Peter",
		"org_contact_lname" : "Van Lieshout",
		"org_contact_suffix" : "",
		"org_contact_email" : "Fr.Peter.VanLieshout@dor.org",
		"org_diocese" : "Diocese of Rochester",
		"org_website" : ""
	},
	{
		"org_name" : "St. Kateri Catholic School",
		"org_email" : "terri.morgan@dor.org",
		"org_optionc_id" : 1128,
		"org_type" : 1,
		"org_lat" : 43.20801277,
		"org_lng" : -77.58114017,
		"org_state" : "New York",
		"org_cityprov" : "Rochester",
		"org_street" : "445 Kings Highway S.",
		"org_zipcode" : "14617-4138",
		"org_contact_land" : "(585) 467-8730",
		"org_contact_mobile" : "(585) 467-8730",
		"org_contact_title" : "",
		"org_contact_fname" : "Terri",
		"org_contact_lname" : "Morgan",
		"org_contact_suffix" : "",
		"org_contact_email" : "terri.morgan@dor.org",
		"org_diocese" : "Diocese of Rochester",
		"org_website" : ""
	},
	{
		"org_name" : "Holy Cross School",
		"org_email" : "tj.verzillo@dor.org",
		"org_optionc_id" : 1132,
		"org_type" : 1,
		"org_lat" : 43.25181235,
		"org_lng" : -77.61274578,
		"org_state" : "New York",
		"org_cityprov" : "Rochester",
		"org_street" : "4488 Lake Ave.",
		"org_zipcode" : "14612-4540",
		"org_contact_land" : "(585) 663-6533",
		"org_contact_mobile" : "(585) 663-6533",
		"org_contact_title" : "",
		"org_contact_fname" : "T J",
		"org_contact_lname" : "Verzillo",
		"org_contact_suffix" : "",
		"org_contact_email" : "tj.verzillo@dor.org",
		"org_diocese" : "Diocese of Rochester",
		"org_website" : ""
	},
	{
		"org_name" : "Aquinas Catholic Institute",
		"org_email" : "tmancini@aquinasinstitute.com",
		"org_optionc_id" : 1125,
		"org_type" : 1,
		"org_lat" : 43.18764357,
		"org_lng" : -77.64009189,
		"org_state" : "New York",
		"org_cityprov" : "Rochester",
		"org_street" : "1127 Dewey Ave.",
		"org_zipcode" : "14613-9989",
		"org_contact_land" : "(585) 254-2020",
		"org_contact_mobile" : "(585) 254-2020",
		"org_contact_title" : "",
		"org_contact_fname" : "Theodore",
		"org_contact_lname" : "Mancini",
		"org_contact_suffix" : "",
		"org_contact_email" : "tmancini@aquinasinstitute.com",
		"org_diocese" : "Diocese of Rochester",
		"org_website" : ""
	},
	{
		"org_name" : "St. Ambrose Catholic Church",
		"org_email" : "Vicki.Iannettone@dor.org",
		"org_optionc_id" : 1578,
		"org_type" : 2,
		"org_lat" : 43.17588598,
		"org_lng" : -77.55705506,
		"org_state" : "New York",
		"org_cityprov" : "Rochester",
		"org_street" : "25 Empire Blvd",
		"org_zipcode" : "14609-4335",
		"org_contact_land" : "(585) 288-5000",
		"org_contact_mobile" : "(585) 288-5000",
		"org_contact_title" : "Fr.",
		"org_contact_fname" : "Robert",
		"org_contact_lname" : "Schrader",
		"org_contact_suffix" : "",
		"org_contact_email" : "Fr.Robert.Schrader@dor.org",
		"org_diocese" : "Diocese of Rochester",
		"org_website" : "http://www.peaceofchristparish.org/"
	},
	{
		"org_name" : "Bishop Kearney High School",
		"org_email" : "wgeraci@bkhs.org",
		"org_optionc_id" : 1127,
		"org_type" : 1,
		"org_lat" : 43.20170716,
		"org_lng" : -77.57831427,
		"org_state" : "New York",
		"org_cityprov" : "Rochester",
		"org_street" : "125 Kings Highway S.",
		"org_zipcode" : "14617-5596",
		"org_contact_land" : "(585) 342-4000",
		"org_contact_mobile" : "(585) 342-4000",
		"org_contact_title" : "",
		"org_contact_fname" : "William",
		"org_contact_lname" : "Geraci",
		"org_contact_suffix" : "",
		"org_contact_email" : "wgeraci@bkhs.org",
		"org_diocese" : "Diocese of Rochester",
		"org_website" : ""
	},
	{
		"org_name" : "St. Paul's Catholic Church",
		"org_email" : "wstpaulc@dor.org",
		"org_optionc_id" : 1607,
		"org_type" : 2,
		"org_lat" : 43.22278209,
		"org_lng" : -77.46329232,
		"org_state" : "New York",
		"org_cityprov" : "Webster",
		"org_street" : "783 Hard Road",
		"org_zipcode" : "14580",
		"org_contact_land" : "(585) 671-2100",
		"org_contact_mobile" : "(585) 671-2100",
		"org_contact_title" : "Fr",
		"org_contact_fname" : "Paul",
		"org_contact_lname" : "Gitau",
		"org_contact_suffix" : "",
		"org_contact_email" : "fr.paul.gitau@dor.org",
		"org_diocese" : "Diocese of Rochester",
		"org_website" : "http://www.stpaulsrcc.org/"
	}
]
